<?xml version="1.0" encoding="UTF-8"?>
<project-private xmlns="http://www.netbeans.org/ns/project-private/1">
    <editor-bookmarks xmlns="http://www.netbeans.org/ns/editor-bookmarks/2" lastBookmarkId="0"/>
    <open-files xmlns="http://www.netbeans.org/ns/projectui-open-files/2">
        <group>
            <file>file:/C:/Users/ASUS/Downloads/DevoirGui/src/controllers/FXMLDocumentController.java</file>
            <file>file:/C:/Users/ASUS/Downloads/DevoirGui/src/services/ServiceDetailBD.java</file>
            <file>file:/C:/Users/ASUS/Downloads/DevoirGui/src/models/Classe.java</file>
            <file>file:/C:/Users/ASUS/Downloads/DevoirGui/src/services/ServiceListDetail.java</file>
            <file>file:/C:/Users/ASUS/Downloads/DevoirGui/src/application/Main.java</file>
            <file>file:/C:/Users/ASUS/Downloads/DevoirGui/src/dao/IDao.java</file>
        </group>
    </open-files>
</project-private>
